Кампания;Код;Регистрация;"Пробный период";"Пробный период, %";"Создали счёт";"Создали счёт, %";Оплатили;"Оплатили, %";"Общая конверсия, %"
tga_b_x_t04_s_sota_eur;TGA_B_X_T04_S_SOTA_EUR;75;11;14,7;36;48;15;20;20
tga_b_x_t01_s_sota_eur;TGA_B_X_T01_S_SOTA_EUR;66;11;16,7;30;45,5;12;18,2;18,18
tga_c_x_t04_s_technoinside_eur;TGA_C_X_T04_S_TECHNOINSIDE_EUR;46;8;17,4;14;30,4;11;23,9;23,91
tga_b_x_t04_s_getsurfvpnbo_eur;TGA_B_X_T04_S_GETSURFVPNBO_EUR;45;8;17,8;21;46,7;24;53,3;53,33
tga_b_x_t01_s_velvetvpnbot_eur;TGA_B_X_T01_S_VELVETVPNBOT_EUR;44;5;11,4;15;34,1;7;15,9;15,91
tga_b_x_t09_s_atlantavpnbo_eur;TGA_B_X_T09_S_ATLANTAVPNBO_EUR;44;2;4,5;11;25;3;6,8;6,82
tga_b_x_t04_s_velvetvpnbot_eur;TGA_B_X_T04_S_VELVETVPNBOT_EUR;43;1;2,3;10;23,3;1;2,3;2,33
tga_b_x_t05_s_atlantavpnbo_eur;TGA_B_X_T05_S_ATLANTAVPNBO_EUR;43;0;0;7;16,3;0;0;0
tga_b_x_t06_s_atlantavpnbo_eur;TGA_B_X_T06_S_ATLANTAVPNBO_EUR;43;2;4,7;12;27,9;2;4,7;4,65
tga_b_x_t01_s_getsurfvpnbo_eur;TGA_B_X_T01_S_GETSURFVPNBO_EUR;40;9;22,5;79;197,5;29;72,5;72,5
tga_c_x_t01_s_technoinside_eur;TGA_C_X_T01_S_TECHNOINSIDE_EUR;35;0;0;4;11,4;1;2,9;2,86
tga_b_x_t04_s_phantomvpnro_eur;TGA_B_X_T04_S_PHANTOMVPNRO_EUR;32;2;6,3;7;21,9;2;6,3;6,25
tga_b_x_t10_s_atlantavpnbo_eur;TGA_B_X_T10_S_ATLANTAVPNBO_EUR;32;3;9,4;11;34,4;3;9,4;9,38
tga_b_x_t08_s_atlantavpnbo_eur;TGA_B_X_T08_S_ATLANTAVPNBO_EUR;29;1;3,4;6;20,7;1;3,4;3,45
tga_b_x_t07_s_atlantavpnbo_eur;TGA_B_X_T07_S_ATLANTAVPNBO_EUR;28;2;7,1;12;42,9;3;10,7;10,71
tga_b_x_t04_s_atlantavpnbo_eur;TGA_B_X_T04_S_ATLANTAVPNBO_EUR;26;1;3,8;6;23,1;2;7,7;7,69
tga_b_x_t01_s_atlantavpnbo_eur;TGA_B_X_T01_S_ATLANTAVPNBO_EUR;25;2;8;10;40;2;8;8
tga_b_x_t01_s_phantomvpnro_eur;TGA_B_X_T01_S_PHANTOMVPNRO_EUR;25;1;4;8;32;1;4;4
tga_b_x_t09_s_sota_eur;TGA_B_X_T09_S_SOTA_EUR;19;3;15,8;5;26,3;4;21,1;21,05
tga_b_x_t09_s_velvetvpnbot_eur;TGA_B_X_T09_S_VELVETVPNBOT_EUR;18;1;5,6;4;22,2;1;5,6;5,56
tga_c_x_t04_s_shadownetvpn_eur;TGA_C_X_T04_S_SHADOWNETVPN_EUR;18;3;16,7;7;38,9;5;27,8;27,78
tga_b_x_t11_s_velvetvpnbot_eur;TGA_B_X_T11_S_VELVETVPNBOT_EUR;15;2;13,3;6;40;2;13,3;13,33
tga_c_x_t01_s_shadownetvpn_eur;TGA_C_X_T01_S_SHADOWNETVPN_EUR;15;1;6,7;4;26,7;2;13,3;13,33
tga_b_x_t05_s_sota_eur;TGA_B_X_T05_S_SOTA_EUR;14;2;14,3;2;14,3;2;14,3;14,29
tga_b_x_t07_s_velvetvpnbot_eur;TGA_B_X_T07_S_VELVETVPNBOT_EUR;12;1;8,3;3;25;1;8,3;8,33
tga_b_x_t08_s_sota_eur;TGA_B_X_T08_S_SOTA_EUR;12;1;8,3;3;25;1;8,3;8,33
tga_b_x_t08_s_velvetvpnbot_eur;TGA_B_X_T08_S_VELVETVPNBOT_EUR;11;1;9,1;2;18,2;1;9,1;9,09
tga_b_x_t10_s_velvetvpnbot_eur;TGA_B_X_T10_S_VELVETVPNBOT_EUR;11;0;0;1;9,1;0;0;0
tga_c_x_t04_s_lagomvpn_eur;TGA_C_X_T04_S_LAGOMVPN_EUR;11;2;18,2;8;72,7;3;27,3;27,27
tga_b_x_t05_s_velvetvpnbot_eur;TGA_B_X_T05_S_VELVETVPNBOT_EUR;10;1;10;2;20;1;10;10
tga_b_x_t11_s_sota_eur;TGA_B_X_T11_S_SOTA_EUR;9;0;0;0;0;0;0;0
tga_c_x_t04_s_adguardru_eur;TGA_C_X_T04_S_ADGUARDRU_EUR;9;1;11,1;6;66,7;2;22,2;22,22
tga_b_x_t11_s_atlantavpnbo_eur;TGA_B_X_T11_S_ATLANTAVPNBO_EUR;8;0;0;1;12,5;0;0;0
tga_b_x_t06_s_sota_eur;TGA_B_X_T06_S_SOTA_EUR;7;1;14,3;3;42,9;1;14,3;14,29
tga_c_x_t01_s_siriusvpn_eur;TGA_C_X_T01_S_SIRIUSVPN_EUR;7;1;14,3;3;42,9;1;14,3;14,29
tga_b_x_t04_s_vpnrealbot_eur;TGA_B_X_T04_S_VPNREALBOT_EUR;6;0;0;0;0;0;0;0
tga_b_x_t06_s_velvetvpnbot_eur;TGA_B_X_T06_S_VELVETVPNBOT_EUR;6;2;33,3;4;66,7;2;33,3;33,33
tga_b_x_t10_s_sota_eur;TGA_B_X_T10_S_SOTA_EUR;6;0;0;2;33,3;0;0;0
tga_c_x_t01_s_lagomvpn_eur;TGA_C_X_T01_S_LAGOMVPN_EUR;6;0;0;0;0;0;0;0
tga_c_x_t04_s_siriusvpn_eur;TGA_C_X_T04_S_SIRIUSVPN_EUR;6;1;16,7;4;66,7;1;16,7;16,67
tga_b_x_t01_s_phonkvpnbot_eur;TGA_B_X_T01_S_PHONKVPNBOT_EUR;5;0;0;3;60;0;0;0
tga_c_x_t01_s_amneziavpnne_eur;TGA_C_X_T01_S_AMNEZIAVPNNE_EUR;5;0;0;2;40;0;0;0
tga_c_x_t04_s_vpn1news_eur;TGA_C_X_T04_S_VPN1NEWS_EUR;5;1;20;1;20;1;20;20
tga_c_x_t08_s_amneziavpnne_eur;TGA_C_X_T08_S_AMNEZIAVPNNE_EUR;5;2;40;4;80;3;60;60
tga_b_x_t07_s_sota_eur;TGA_B_X_T07_S_SOTA_EUR;4;0;0;0;0;0;0;0
tga_c_x_t01_s_surfvpnnews_eur;TGA_C_X_T01_S_SURFVPNNEWS_EUR;4;1;25;8;200;7;175;175
tga_c_x_t01_s_tginfo_eur;TGA_C_X_T01_S_TGINFO_EUR;4;0;0;1;25;0;0;0
tga_c_x_t08_s_quattrovpnne_eur;TGA_C_X_T08_S_QUATTROVPNNE_EUR;4;0;0;3;75;0;0;0
tga_c_x_t09_s_amneziavpnne_eur;TGA_C_X_T09_S_AMNEZIAVPNNE_EUR;4;1;25;1;25;1;25;25
tga_c_x_t09_s_siriusvpn_eur;TGA_C_X_T09_S_SIRIUSVPN_EUR;4;0;0;0;0;0;0;0
tga_c_x_t01_s_blokiruneta_eur;TGA_C_X_T01_S_BLOKIRUNETA_EUR;3;0;0;1;33,3;0;0;0
tga_c_x_t04_s_vpngen_eur;TGA_C_X_T04_S_VPNGEN_EUR;3;0;0;0;0;0;0;0
tga_c_x_t05_s_amneziavpnne_eur;TGA_C_X_T05_S_AMNEZIAVPNNE_EUR;3;0;0;1;33,3;0;0;0
tga_c_x_t05_s_siriusvpn_eur;TGA_C_X_T05_S_SIRIUSVPN_EUR;3;0;0;0;0;0;0;0
tga_c_x_t11_s_amneziavpnne_eur;TGA_C_X_T11_S_AMNEZIAVPNNE_EUR;3;0;0;0;0;0;0;0
tga_b_x_t04_s_gruvpnbot_eur;TGA_B_X_T04_S_GRUVPNBOT_EUR;2;0;0;2;100;0;0;0
tga_b_x_t04_s_phonkvpnbot_eur;TGA_B_X_T04_S_PHONKVPNBOT_EUR;2;0;0;0;0;0;0;0
tga_c_x_t01_s_protonvpnnew_eur;TGA_C_X_T01_S_PROTONVPNNEW_EUR;2;0;0;1;50;1;50;50
tga_c_x_t01_s_vpngen_eur;TGA_C_X_T01_S_VPNGEN_EUR;2;0;0;0;0;0;0;0
tga_c_x_t04_s_blancvpn_eur;TGA_C_X_T04_S_BLANCVPN_EUR;2;0;0;0;0;0;0;0
tga_c_x_t04_s_surfvpnnews_eur;TGA_C_X_T04_S_SURFVPNNEWS_EUR;2;1;50;9;450;4;200;200
tga_c_x_t04_s_tginfo_eur;TGA_C_X_T04_S_TGINFO_EUR;2;0;0;0;0;0;0;0
tga_c_x_t05_s_nashvpnnews_eur;TGA_C_X_T05_S_NASHVPNNEWS_EUR;2;0;0;0;0;0;0;0
tga_c_x_t05_s_quattrovpnne_eur;TGA_C_X_T05_S_QUATTROVPNNE_EUR;2;0;0;0;0;0;0;0
tga_c_x_t08_s_siriusvpn_eur;TGA_C_X_T08_S_SIRIUSVPN_EUR;2;0;0;0;0;0;0;0
tga_c_x_t09_s_nashvpnnews_eur;TGA_C_X_T09_S_NASHVPNNEWS_EUR;2;1;50;1;50;1;50;50
tga_c_x_t11_s_siriusvpn_eur;TGA_C_X_T11_S_SIRIUSVPN_EUR;2;0;0;0;0;0;0;0
tga_b_x_t01_s_bloggervpnbo_eur;TGA_B_X_T01_S_BLOGGERVPNBO_EUR;1;0;0;0;0;0;0;0
tga_b_x_t01_s_gruvpnbot_eur;TGA_B_X_T01_S_GRUVPNBOT_EUR;1;1;100;2;200;2;200;200
tga_b_x_t01_s_vpnuibot_eur;TGA_B_X_T01_S_VPNUIBOT_EUR;1;0;0;0;0;0;0;0
tga_b_x_t04_s_bloggervpnbo_eur;TGA_B_X_T04_S_BLOGGERVPNBO_EUR;1;1;100;1;100;2;200;200
tga_b_x_t04_s_fastvpnkeybo_eur;TGA_B_X_T04_S_FASTVPNKEYBO_EUR;1;0;0;1;100;0;0;0
tga_b_x_t04_s_fckrknbot_eur;TGA_B_X_T04_S_FCKRKNBOT_EUR;1;0;0;0;0;0;0;0
tga_b_x_t04_s_openworld_eur;TGA_B_X_T04_S_OPENWORLD_EUR;1;0;0;2;200;0;0;0
tga_b_x_t04_s_toshibuvpnbo_eur;TGA_B_X_T04_S_TOSHIBUVPNBO_EUR;1;0;0;1;100;0;0;0
tga_b_x_t04_s_vpnuibot_eur;TGA_B_X_T04_S_VPNUIBOT_EUR;1;0;0;0;0;0;0;0
tga_c_x_t01_s_blancvpn_eur;TGA_C_X_T01_S_BLANCVPN_EUR;1;0;0;0;0;0;0;0
tga_c_x_t01_s_quattrovpnne_eur;TGA_C_X_T01_S_QUATTROVPNNE_EUR;1;0;0;0;0;0;0;0
tga_c_x_t01_s_vpnliberty_eur;TGA_C_X_T01_S_VPNLIBERTY_EUR;1;1;100;1;100;1;100;100
tga_c_x_t04_s_amneziavpnne_eur;TGA_C_X_T04_S_AMNEZIAVPNNE_EUR;1;0;0;0;0;0;0;0
tga_c_x_t04_s_barryvpn_eur;TGA_C_X_T04_S_BARRYVPN_EUR;1;0;0;1;100;0;0;0
tga_c_x_t04_s_hermitvpn_eur;TGA_C_X_T04_S_HERMITVPN_EUR;1;0;0;0;0;0;0;0
tga_c_x_t04_s_rozetked_eur;TGA_C_X_T04_S_ROZETKED_EUR;1;0;0;0;0;0;0;0
tga_c_x_t04_s_seed4meru_eur;TGA_C_X_T04_S_SEED4MERU_EUR;1;1;100;1;100;1;100;100
tga_c_x_t04_s_uboostrussia_eur;TGA_C_X_T04_S_UBOOSTRUSSIA_EUR;1;0;0;0;0;0;0;0
tga_c_x_t04_s_vezarys_eur;TGA_C_X_T04_S_VEZARYS_EUR;1;0;0;0;0;0;0;0
tga_c_x_t06_s_amneziavpnne_eur;TGA_C_X_T06_S_AMNEZIAVPNNE_EUR;1;0;0;0;0;0;0;0
tga_c_x_t06_s_quattrovpnne_eur;TGA_C_X_T06_S_QUATTROVPNNE_EUR;1;0;0;2;200;0;0;0
tga_c_x_t06_s_siriusvpn_eur;TGA_C_X_T06_S_SIRIUSVPN_EUR;1;1;100;1;100;1;100;100
tga_c_x_t07_s_quattrovpnne_eur;TGA_C_X_T07_S_QUATTROVPNNE_EUR;1;0;0;1;100;0;0;0
tga_c_x_t07_s_siriusvpn_eur;TGA_C_X_T07_S_SIRIUSVPN_EUR;1;0;0;0;0;0;0;0
tga_c_x_t09_s_quattrovpnne_eur;TGA_C_X_T09_S_QUATTROVPNNE_EUR;1;0;0;0;0;0;0;0
tga_c_x_t10_s_nashvpnnews_eur;TGA_C_X_T10_S_NASHVPNNEWS_EUR;1;1;100;1;100;1;100;100
tga_c_x_t10_s_siriusvpn_eur;TGA_C_X_T10_S_SIRIUSVPN_EUR;1;0;0;0;0;0;0;0
tga_b_x_t01_s_actonvpnbot_eur;TGA_B_X_T01_S_ACTONVPNBOT_EUR;0;0;0;0;0;0;0;0
tga_b_x_t01_s_biffrobot_eur;TGA_B_X_T01_S_BIFFROBOT_EUR;0;0;0;0;0;0;0;0
tga_b_x_t01_s_bravadavpbot_eur;TGA_B_X_T01_S_BRAVADAVPBOT_EUR;0;0;0;0;0;0;0;0
tga_b_x_t01_s_brovpnbot_eur;TGA_B_X_T01_S_BROVPNBOT_EUR;0;0;0;0;0;0;0;0
tga_b_x_t01_s_clubvpnrubot_eur;TGA_B_X_T01_S_CLUBVPNRUBOT_EUR;0;0;0;0;0;0;0;0
tga_b_x_t01_s_dstuiroepbot_eur;TGA_B_X_T01_S_DSTUIROEPBOT_EUR;0;0;0;0;0;0;0;0
tga_b_x_t01_s_fastvpnkeybo_eur;TGA_B_X_T01_S_FASTVPNKEYBO_EUR;0;0;0;0;0;0;0;0
tga_b_x_t01_s_fckrknbot_eur;TGA_B_X_T01_S_FCKRKNBOT_EUR;0;0;0;0;0;0;0;0
tga_b_x_t01_s_foxxxyvpnbot_eur;TGA_B_X_T01_S_FOXXXYVPNBOT_EUR;0;0;0;0;0;0;0;0
tga_b_x_t01_s_kupolappbot_eur;TGA_B_X_T01_S_KUPOLAPPBOT_EUR;0;0;0;0;0;0;0;0
tga_b_x_t01_s_ledokolsabot_eur;TGA_B_X_T01_S_LEDOKOLSABOT_EUR;0;0;0;0;0;0;0;0
tga_b_x_t01_s_lennyvpnbot_eur;TGA_B_X_T01_S_LENNYVPNBOT_EUR;0;0;0;0;0;0;0;0
tga_b_x_t01_s_nevcorevpbot_eur;TGA_B_X_T01_S_NEVCOREVPBOT_EUR;0;0;0;0;0;0;0;0
tga_b_x_t01_s_noproblembot_eur;TGA_B_X_T01_S_NOPROBLEMBOT_EUR;0;0;0;0;0;0;0;0
tga_b_x_t01_s_oolifehackbo_eur;TGA_B_X_T01_S_OOLIFEHACKBO_EUR;0;0;0;0;0;0;0;0
tga_b_x_t01_s_redstonevbot_eur;TGA_B_X_T01_S_REDSTONEVBOT_EUR;0;0;0;0;0;0;0;0
tga_b_x_t01_s_topfreedobot_eur;TGA_B_X_T01_S_TOPFREEDOBOT_EUR;0;0;0;0;0;0;0;0
tga_b_x_t01_s_toshibuvpnbo_eur;TGA_B_X_T01_S_TOSHIBUVPNBO_EUR;0;0;0;0;0;0;0;0
tga_b_x_t01_s_v2raytunbot_eur;TGA_B_X_T01_S_V2RAYTUNBOT_EUR;0;0;0;0;0;0;0;0
tga_b_x_t01_s_vpnducksbot_eur;TGA_B_X_T01_S_VPNDUCKSBOT_EUR;0;0;0;0;0;0;0;0
tga_b_x_t01_s_vpngrozabot_eur;TGA_B_X_T01_S_VPNGROZABOT_EUR;0;0;0;0;0;0;0;0
tga_b_x_t01_s_vpnnaposlbot_eur;TGA_B_X_T01_S_VPNNAPOSLBOT_EUR;0;0;0;0;0;0;0;0
tga_b_x_t01_s_vpnraketabot_eur;TGA_B_X_T01_S_VPNRAKETABOT_EUR;0;0;0;0;0;0;0;0
tga_b_x_t01_s_xrocketvpnbo_eur;TGA_B_X_T01_S_XROCKETVPNBO_EUR;0;0;0;0;0;0;0;0
tga_b_x_t04_s_actonvpnbot_eur;TGA_B_X_T04_S_ACTONVPNBOT_EUR;0;0;0;0;0;0;0;0
tga_b_x_t04_s_biffrobot_eur;TGA_B_X_T04_S_BIFFROBOT_EUR;0;0;0;0;0;0;0;0
tga_b_x_t04_s_bravadavpbot_eur;TGA_B_X_T04_S_BRAVADAVPBOT_EUR;0;0;0;0;0;0;0;0
tga_b_x_t04_s_brovpnbot_eur;TGA_B_X_T04_S_BROVPNBOT_EUR;0;0;0;0;0;0;0;0
tga_b_x_t04_s_clubvpnrubot_eur;TGA_B_X_T04_S_CLUBVPNRUBOT_EUR;0;0;0;0;0;0;0;0
tga_b_x_t04_s_dstuiroepbot_eur;TGA_B_X_T04_S_DSTUIROEPBOT_EUR;0;0;0;0;0;0;0;0
tga_b_x_t04_s_foxxxyvpnbot_eur;TGA_B_X_T04_S_FOXXXYVPNBOT_EUR;0;0;0;0;0;0;0;0
tga_b_x_t04_s_kupolappbot_eur;TGA_B_X_T04_S_KUPOLAPPBOT_EUR;0;0;0;0;0;0;0;0
tga_b_x_t04_s_ledokolsabot_eur;TGA_B_X_T04_S_LEDOKOLSABOT_EUR;0;0;0;0;0;0;0;0
tga_b_x_t04_s_lennyvpnbot_eur;TGA_B_X_T04_S_LENNYVPNBOT_EUR;0;0;0;0;0;0;0;0
tga_b_x_t04_s_nevcorevpbot_eur;TGA_B_X_T04_S_NEVCOREVPBOT_EUR;0;0;0;0;0;0;0;0
tga_b_x_t04_s_noproblembot_eur;TGA_B_X_T04_S_NOPROBLEMBOT_EUR;0;0;0;0;0;0;0;0
tga_b_x_t04_s_oolifehackbo_eur;TGA_B_X_T04_S_OOLIFEHACKBO_EUR;0;0;0;0;0;0;0;0
tga_b_x_t04_s_prostoovpnbo_eur;TGA_B_X_T04_S_PROSTOOVPNBO_EUR;0;0;0;0;0;0;0;0
tga_b_x_t04_s_redstonevbot_eur;TGA_B_X_T04_S_REDSTONEVBOT_EUR;0;0;0;0;0;0;0;0
tga_b_x_t04_s_topfreedobot_eur;TGA_B_X_T04_S_TOPFREEDOBOT_EUR;0;0;0;0;0;0;0;0
tga_b_x_t04_s_v2raytunbot_eur;TGA_B_X_T04_S_V2RAYTUNBOT_EUR;0;0;0;0;0;0;0;0
tga_b_x_t04_s_vpnducksbot_eur;TGA_B_X_T04_S_VPNDUCKSBOT_EUR;0;0;0;0;0;0;0;0
tga_b_x_t04_s_vpngrozabot_eur;TGA_B_X_T04_S_VPNGROZABOT_EUR;0;0;0;0;0;0;0;0
tga_b_x_t04_s_vpnnaposlbot_eur;TGA_B_X_T04_S_VPNNAPOSLBOT_EUR;0;0;0;0;0;0;0;0
tga_b_x_t04_s_vpnraketabot_eur;TGA_B_X_T04_S_VPNRAKETABOT_EUR;0;0;0;0;0;0;0;0
tga_b_x_t04_s_xrocketvpnbo_eur;TGA_B_X_T04_S_XROCKETVPNBO_EUR;0;0;0;0;0;0;0;0
tga_c_x_t01_s_adguardru_eur;TGA_C_X_T01_S_ADGUARDRU_EUR;0;0;0;0;0;0;0;0
tga_c_x_t01_s_atelecomprov_eur;TGA_C_X_T01_S_ATELECOMPROV_EUR;0;0;0;0;0;0;0;0
tga_c_x_t01_s_barryvpn_eur;TGA_C_X_T01_S_BARRYVPN_EUR;0;0;0;0;0;0;0;0
tga_c_x_t01_s_dedvpn_eur;TGA_C_X_T01_S_DEDVPN_EUR;0;0;0;0;0;0;0;0
tga_c_x_t01_s_domlink_eur;TGA_C_X_T01_S_DOMLINK_EUR;0;0;0;0;0;0;0;0
tga_c_x_t01_s_followneo_eur;TGA_C_X_T01_S_FOLLOWNEO_EUR;0;0;0;0;0;0;0;0
tga_c_x_t01_s_greenvpn_eur;TGA_C_X_T01_S_GREENVPN_EUR;0;0;0;0;0;0;0;0
tga_c_x_t01_s_hermitvpn_eur;TGA_C_X_T01_S_HERMITVPN_EUR;0;0;0;0;0;0;0;0
tga_c_x_t01_s_planetavpna_eur;TGA_C_X_T01_S_PLANETAVPNA_EUR;0;0;0;0;0;0;0;0
tga_c_x_t01_s_roskomsvoboda_eur;TGA_C_X_T01_S_ROSKOMSVOBODA_EUR;0;0;0;0;0;0;0;0
tga_c_x_t01_s_rozetked_eur;TGA_C_X_T01_S_ROZETKED_EUR;0;0;0;0;0;0;0;0
tga_c_x_t01_s_shukavpn_eur;TGA_C_X_T01_S_SHUKAVPN_EUR;0;0;0;0;0;0;0;0
tga_c_x_t01_s_sotavpn_eur;TGA_C_X_T01_S_SOTAVPN_EUR;0;0;0;0;0;0;0;0
tga_c_x_t01_s_surfnetnews_eur;TGA_C_X_T01_S_SURFNETNEWS_EUR;0;0;0;0;0;0;0;0
tga_c_x_t01_s_surfvpninf2_eur;TGA_C_X_T01_S_SURFVPNINF2_EUR;0;0;0;0;0;0;0;0
tga_c_x_t01_s_surfvpninfo_eur;TGA_C_X_T01_S_SURFVPNINFO_EUR;0;0;0;0;0;0;0;0
tga_c_x_t01_s_vezarys_eur;TGA_C_X_T01_S_VEZARYS_EUR;0;0;0;0;0;0;0;0
tga_c_x_t01_s_voxiproxy_eur;TGA_C_X_T01_S_VOXIPROXY_EUR;0;0;0;0;0;0;0;0
tga_c_x_t01_s_vpn1news_eur;TGA_C_X_T01_S_VPN1NEWS_EUR;0;0;0;0;0;0;0;0
tga_c_x_t01_s_vpnural_eur;TGA_C_X_T01_S_VPNURAL_EUR;0;0;0;0;0;0;0;0
tga_c_x_t01_s_youfastvpn_eur;TGA_C_X_T01_S_YOUFASTVPN_EUR;0;0;0;0;0;0;0;0
tga_c_x_t04_s_atelecomprov_eur;TGA_C_X_T04_S_ATELECOMPROV_EUR;0;0;0;0;0;0;0;0
tga_c_x_t04_s_blokiruneta_eur;TGA_C_X_T04_S_BLOKIRUNETA_EUR;0;0;0;0;0;0;0;0
tga_c_x_t04_s_dedvpn_eur;TGA_C_X_T04_S_DEDVPN_EUR;0;0;0;0;0;0;0;0
tga_c_x_t04_s_domlink_eur;TGA_C_X_T04_S_DOMLINK_EUR;0;0;0;0;0;0;0;0
tga_c_x_t04_s_followneo_eur;TGA_C_X_T04_S_FOLLOWNEO_EUR;0;0;0;0;0;0;0;0
tga_c_x_t04_s_greenvpn_eur;TGA_C_X_T04_S_GREENVPN_EUR;0;0;0;0;0;0;0;0
tga_c_x_t04_s_planetavpna_eur;TGA_C_X_T04_S_PLANETAVPNA_EUR;0;0;0;0;0;0;0;0
tga_c_x_t04_s_protonvpnnew_eur;TGA_C_X_T04_S_PROTONVPNNEW_EUR;0;0;0;0;0;0;0;0
tga_c_x_t04_s_quattrovpnne_eur;TGA_C_X_T04_S_QUATTROVPNNE_EUR;0;0;0;0;0;0;0;0
tga_c_x_t04_s_roskomsvoboda_eur;TGA_C_X_T04_S_ROSKOMSVOBODA_EUR;0;0;0;0;0;0;0;0
tga_c_x_t04_s_shukavpn_eur;TGA_C_X_T04_S_SHUKAVPN_EUR;0;0;0;0;0;0;0;0
tga_c_x_t04_s_sotavpn_eur;TGA_C_X_T04_S_SOTAVPN_EUR;0;0;0;0;0;0;0;0
tga_c_x_t04_s_surfnetnews_eur;TGA_C_X_T04_S_SURFNETNEWS_EUR;0;0;0;0;0;0;0;0
tga_c_x_t04_s_surfvpninf2_eur;TGA_C_X_T04_S_SURFVPNINF2_EUR;0;0;0;0;0;0;0;0
tga_c_x_t04_s_surfvpninfo_eur;TGA_C_X_T04_S_SURFVPNINFO_EUR;0;0;0;0;0;0;0;0
tga_c_x_t04_s_voxiproxy_eur;TGA_C_X_T04_S_VOXIPROXY_EUR;0;0;0;0;0;0;0;0
tga_c_x_t04_s_vpnliberty_eur;TGA_C_X_T04_S_VPNLIBERTY_EUR;0;0;0;0;0;0;0;0
tga_c_x_t04_s_vpnural_eur;TGA_C_X_T04_S_VPNURAL_EUR;0;0;0;0;0;0;0;0
tga_c_x_t04_s_youfastvpn_eur;TGA_C_X_T04_S_YOUFASTVPN_EUR;0;0;0;0;0;0;0;0
tga_c_x_t05_s_aveselovru_eur;TGA_C_X_T05_S_AVESELOVRU_EUR;0;0;0;0;0;0;0;0
tga_c_x_t05_s_barryvpn_eur;TGA_C_X_T05_S_BARRYVPN_EUR;0;0;0;0;0;0;0;0
tga_c_x_t05_s_getoutlinevp_eur;TGA_C_X_T05_S_GETOUTLINEVP_EUR;0;0;0;0;0;0;0;0
tga_c_x_t05_s_itopvpnru_eur;TGA_C_X_T05_S_ITOPVPNRU_EUR;0;0;0;0;0;0;0;0
tga_c_x_t05_s_purrnetnews_eur;TGA_C_X_T05_S_PURRNETNEWS_EUR;0;0;0;0;0;0;0;0
tga_c_x_t05_s_runvpn_eur;TGA_C_X_T05_S_RUNVPN_EUR;0;0;0;0;0;0;0;0
tga_c_x_t05_s_saferunet_eur;TGA_C_X_T05_S_SAFERUNET_EUR;0;0;0;0;0;0;0;0
tga_c_x_t05_s_shukavpn_eur;TGA_C_X_T05_S_SHUKAVPN_EUR;0;0;0;0;0;0;0;0
tga_c_x_t05_s_sotavpn_eur;TGA_C_X_T05_S_SOTAVPN_EUR;0;0;0;0;0;0;0;0
tga_c_x_t05_s_vlessvpns_eur;TGA_C_X_T05_S_VLESSVPNS_EUR;0;0;0;0;0;0;0;0
tga_c_x_t05_s_vpndrift_eur;TGA_C_X_T05_S_VPNDRIFT_EUR;0;0;0;0;0;0;0;0
tga_c_x_t05_s_vpnproxymast_eur;TGA_C_X_T05_S_VPNPROXYMAST_EUR;0;0;0;0;0;0;0;0
tga_c_x_t06_s_aveselovru_eur;TGA_C_X_T06_S_AVESELOVRU_EUR;0;0;0;0;0;0;0;0
tga_c_x_t06_s_barryvpn_eur;TGA_C_X_T06_S_BARRYVPN_EUR;0;0;0;0;0;0;0;0
tga_c_x_t06_s_getoutlinevp_eur;TGA_C_X_T06_S_GETOUTLINEVP_EUR;0;0;0;0;0;0;0;0
tga_c_x_t06_s_itopvpnru_eur;TGA_C_X_T06_S_ITOPVPNRU_EUR;0;0;0;0;0;0;0;0
tga_c_x_t06_s_nashvpnnews_eur;TGA_C_X_T06_S_NASHVPNNEWS_EUR;0;0;0;0;0;0;0;0
tga_c_x_t06_s_purrnetnews_eur;TGA_C_X_T06_S_PURRNETNEWS_EUR;0;0;0;0;0;0;0;0
tga_c_x_t06_s_runvpn_eur;TGA_C_X_T06_S_RUNVPN_EUR;0;0;0;0;0;0;0;0
tga_c_x_t06_s_saferunet_eur;TGA_C_X_T06_S_SAFERUNET_EUR;0;0;0;0;0;0;0;0
tga_c_x_t06_s_shukavpn_eur;TGA_C_X_T06_S_SHUKAVPN_EUR;0;0;0;0;0;0;0;0
tga_c_x_t06_s_sotavpn_eur;TGA_C_X_T06_S_SOTAVPN_EUR;0;0;0;0;0;0;0;0
tga_c_x_t06_s_vlessvpns_eur;TGA_C_X_T06_S_VLESSVPNS_EUR;0;0;0;0;0;0;0;0
tga_c_x_t06_s_vpndrift_eur;TGA_C_X_T06_S_VPNDRIFT_EUR;0;0;0;0;0;0;0;0
tga_c_x_t06_s_vpnproxymast_eur;TGA_C_X_T06_S_VPNPROXYMAST_EUR;0;0;0;0;0;0;0;0
tga_c_x_t07_s_amneziavpnne_eur;TGA_C_X_T07_S_AMNEZIAVPNNE_EUR;0;0;0;0;0;0;0;0
tga_c_x_t07_s_aveselovru_eur;TGA_C_X_T07_S_AVESELOVRU_EUR;0;0;0;0;0;0;0;0
tga_c_x_t07_s_barryvpn_eur;TGA_C_X_T07_S_BARRYVPN_EUR;0;0;0;0;0;0;0;0
tga_c_x_t07_s_getoutlinevp_eur;TGA_C_X_T07_S_GETOUTLINEVP_EUR;0;0;0;0;0;0;0;0
tga_c_x_t07_s_itopvpnru_eur;TGA_C_X_T07_S_ITOPVPNRU_EUR;0;0;0;0;0;0;0;0
tga_c_x_t07_s_nashvpnnews_eur;TGA_C_X_T07_S_NASHVPNNEWS_EUR;0;0;0;0;0;0;0;0
tga_c_x_t07_s_shukavpn_eur;TGA_C_X_T07_S_SHUKAVPN_EUR;0;0;0;0;0;0;0;0
tga_c_x_t07_s_sotavpn_eur;TGA_C_X_T07_S_SOTAVPN_EUR;0;0;0;0;0;0;0;0
tga_c_x_t07_s_vlessvpns_eur;TGA_C_X_T07_S_VLESSVPNS_EUR;0;0;0;0;0;0;0;0
tga_c_x_t07_s_vpnproxymast_eur;TGA_C_X_T07_S_VPNPROXYMAST_EUR;0;0;0;0;0;0;0;0
tga_c_x_t08_s_aveselovru_eur;TGA_C_X_T08_S_AVESELOVRU_EUR;0;0;0;0;0;0;0;0
tga_c_x_t08_s_barryvpn_eur;TGA_C_X_T08_S_BARRYVPN_EUR;0;0;0;0;0;0;0;0
tga_c_x_t08_s_getoutlinevp_eur;TGA_C_X_T08_S_GETOUTLINEVP_EUR;0;0;0;0;0;0;0;0
tga_c_x_t08_s_itopvpnru_eur;TGA_C_X_T08_S_ITOPVPNRU_EUR;0;0;0;0;0;0;0;0
tga_c_x_t08_s_nashvpnnews_eur;TGA_C_X_T08_S_NASHVPNNEWS_EUR;0;0;0;0;0;0;0;0
tga_c_x_t08_s_purrnetnews_eur;TGA_C_X_T08_S_PURRNETNEWS_EUR;0;0;0;0;0;0;0;0
tga_c_x_t08_s_runvpn_eur;TGA_C_X_T08_S_RUNVPN_EUR;0;0;0;0;0;0;0;0
tga_c_x_t08_s_saferunet_eur;TGA_C_X_T08_S_SAFERUNET_EUR;0;0;0;0;0;0;0;0
tga_c_x_t08_s_shukavpn_eur;TGA_C_X_T08_S_SHUKAVPN_EUR;0;0;0;0;0;0;0;0
tga_c_x_t08_s_sotavpn_eur;TGA_C_X_T08_S_SOTAVPN_EUR;0;0;0;0;0;0;0;0
tga_c_x_t08_s_vlessvpns_eur;TGA_C_X_T08_S_VLESSVPNS_EUR;0;0;0;0;0;0;0;0
tga_c_x_t08_s_vpndrift_eur;TGA_C_X_T08_S_VPNDRIFT_EUR;0;0;0;0;0;0;0;0
tga_c_x_t08_s_vpnproxymast_eur;TGA_C_X_T08_S_VPNPROXYMAST_EUR;0;0;0;0;0;0;0;0
tga_c_x_t09_s_aveselovru_eur;TGA_C_X_T09_S_AVESELOVRU_EUR;0;0;0;0;0;0;0;0
tga_c_x_t09_s_barryvpn_eur;TGA_C_X_T09_S_BARRYVPN_EUR;0;0;0;0;0;0;0;0
tga_c_x_t09_s_getoutlinevp_eur;TGA_C_X_T09_S_GETOUTLINEVP_EUR;0;0;0;0;0;0;0;0
tga_c_x_t09_s_itopvpnru_eur;TGA_C_X_T09_S_ITOPVPNRU_EUR;0;0;0;0;0;0;0;0
tga_c_x_t09_s_shukavpn_eur;TGA_C_X_T09_S_SHUKAVPN_EUR;0;0;0;0;0;0;0;0
tga_c_x_t09_s_sotavpn_eur;TGA_C_X_T09_S_SOTAVPN_EUR;0;0;0;0;0;0;0;0
tga_c_x_t09_s_vlessvpns_eur;TGA_C_X_T09_S_VLESSVPNS_EUR;0;0;0;0;0;0;0;0
tga_c_x_t09_s_vpnproxymast_eur;TGA_C_X_T09_S_VPNPROXYMAST_EUR;0;0;0;0;0;0;0;0
tga_c_x_t10_s_amneziavpnne_eur;TGA_C_X_T10_S_AMNEZIAVPNNE_EUR;0;0;0;0;0;0;0;0
tga_c_x_t10_s_aveselovru_eur;TGA_C_X_T10_S_AVESELOVRU_EUR;0;0;0;0;0;0;0;0
tga_c_x_t10_s_barryvpn_eur;TGA_C_X_T10_S_BARRYVPN_EUR;0;0;0;0;0;0;0;0
tga_c_x_t10_s_getoutlinevp_eur;TGA_C_X_T10_S_GETOUTLINEVP_EUR;0;0;0;0;0;0;0;0
tga_c_x_t10_s_itopvpnru_eur;TGA_C_X_T10_S_ITOPVPNRU_EUR;0;0;0;0;0;0;0;0
tga_c_x_t10_s_quattrovpnne_eur;TGA_C_X_T10_S_QUATTROVPNNE_EUR;0;0;0;0;0;0;0;0
tga_c_x_t10_s_shukavpn_eur;TGA_C_X_T10_S_SHUKAVPN_EUR;0;0;0;0;0;0;0;0
tga_c_x_t10_s_sotavpn_eur;TGA_C_X_T10_S_SOTAVPN_EUR;0;0;0;0;0;0;0;0
tga_c_x_t10_s_vlessvpns_eur;TGA_C_X_T10_S_VLESSVPNS_EUR;0;0;0;0;0;0;0;0
tga_c_x_t10_s_vpnproxymast_eur;TGA_C_X_T10_S_VPNPROXYMAST_EUR;0;0;0;0;0;0;0;0
tga_c_x_t11_s_aveselovru_eur;TGA_C_X_T11_S_AVESELOVRU_EUR;0;0;0;0;0;0;0;0
tga_c_x_t11_s_barryvpn_eur;TGA_C_X_T11_S_BARRYVPN_EUR;0;0;0;0;0;0;0;0
tga_c_x_t11_s_getoutlinevp_eur;TGA_C_X_T11_S_GETOUTLINEVP_EUR;0;0;0;0;0;0;0;0
tga_c_x_t11_s_itopvpnru_eur;TGA_C_X_T11_S_ITOPVPNRU_EUR;0;0;0;0;0;0;0;0
tga_c_x_t11_s_nashvpnnews_eur;TGA_C_X_T11_S_NASHVPNNEWS_EUR;0;0;0;0;0;0;0;0
tga_c_x_t11_s_quattrovpnne_eur;TGA_C_X_T11_S_QUATTROVPNNE_EUR;0;0;0;0;0;0;0;0
tga_c_x_t11_s_shukavpn_eur;TGA_C_X_T11_S_SHUKAVPN_EUR;0;0;0;0;0;0;0;0
tga_c_x_t11_s_sotavpn_eur;TGA_C_X_T11_S_SOTAVPN_EUR;0;0;0;0;0;0;0;0
tga_c_x_t11_s_vlessvpns_eur;TGA_C_X_T11_S_VLESSVPNS_EUR;0;0;0;0;0;0;0;0
tga_c_x_t11_s_vpnproxymast_eur;TGA_C_X_T11_S_VPNPROXYMAST_EUR;0;0;0;0;0;0;0;0
tga_s_x_x_l_q01_eur;TGA_S_X_X_L_Q01_EUR;0;0;0;0;0;0;0;0
tga_s_x_x_l_q02_eur;TGA_S_X_X_L_Q02_EUR;0;0;0;0;0;0;0;0
"Все кампании";;1067;106;9,9;422;39,6;175;16,4;16,4
