Кампания;Код;Активна;Пришло;Триалы;Покупки;Покупателей;"Доход, ₽";"Триалы от пришедших, %";"Покупатели от пришедших, %";"Расходы, ₽";"Доход за первый месяц, ₽";"Доход за 2–4 месяцы, ₽";"LTV, ₽ на пришедшего";"Цена первого платящего, ₽";"₽ с 1000 кликов за 30 дней"
tga_b_x_t04_s_sota_eur;TGA_B_X_T04_S_SOTA_EUR;да;77;11;4;4;1200;14,3;5,2;0;1200;0;15,58;;15584,42
tga_b_x_t01_s_sota_eur;TGA_B_X_T01_S_SOTA_EUR;да;72;11;2;2;770;15,3;2,8;0;300;0;10,69;;4166,67
tga_b_x_t04_s_getsurfvpnbo_eur;TGA_B_X_T04_S_GETSURFVPNBO_EUR;да;57;8;24;9;15017;14;15,8;0;2700;0;263,46;;47368,42
tga_b_x_t01_s_getsurfvpnbo_eur;TGA_B_X_T01_S_GETSURFVPNBO_EUR;да;54;9;43;8;18844;16,7;14,8;0;4200;0;348,96;;77777,78
tga_b_x_t09_s_atlantavpnbo_eur;TGA_B_X_T09_S_ATLANTAVPNBO_EUR;да;50;2;1;1;300;4;2;0;300;0;6;;6000
tga_b_x_t01_s_velvetvpnbot_eur;TGA_B_X_T01_S_VELVETVPNBOT_EUR;да;48;5;1;1;300;10,4;2,1;0;300;0;6,25;;6250
tga_b_x_t04_s_velvetvpnbot_eur;TGA_B_X_T04_S_VELVETVPNBOT_EUR;да;47;1;0;0;0;2,1;0;0;0;0;0;;0
tga_c_x_t04_s_technoinside_eur;TGA_C_X_T04_S_TECHNOINSIDE_EUR;да;47;8;2;2;600;17;4,3;0;600;0;12,77;;12765,96
tga_b_x_t06_s_atlantavpnbo_eur;TGA_B_X_T06_S_ATLANTAVPNBO_EUR;да;46;2;0;0;0;4,3;0;0;0;0;0;;0
tga_b_x_t05_s_atlantavpnbo_eur;TGA_B_X_T05_S_ATLANTAVPNBO_EUR;да;45;0;1;1;297;0;2,2;0;0;0;6,6;;0
tga_c_x_t01_s_technoinside_eur;TGA_C_X_T01_S_TECHNOINSIDE_EUR;да;36;0;1;1;300;0;2,8;0;300;0;8,33;;8333,33
tga_b_x_t04_s_phantomvpnro_eur;TGA_B_X_T04_S_PHANTOMVPNRO_EUR;да;34;2;0;0;0;5,9;0;0;0;0;0;;0
tga_b_x_t10_s_atlantavpnbo_eur;TGA_B_X_T10_S_ATLANTAVPNBO_EUR;да;34;3;0;0;0;8,8;0;0;0;0;0;;0
tga_b_x_t07_s_atlantavpnbo_eur;TGA_B_X_T07_S_ATLANTAVPNBO_EUR;да;30;2;1;1;300;6,7;3,3;0;300;0;10;;10000
tga_b_x_t08_s_atlantavpnbo_eur;TGA_B_X_T08_S_ATLANTAVPNBO_EUR;да;30;1;0;0;0;3,3;0;0;0;0;0;;0
tga_b_x_t01_s_phantomvpnro_eur;TGA_B_X_T01_S_PHANTOMVPNRO_EUR;да;29;1;0;0;0;3,4;0;0;0;0;0;;0
tga_b_x_t04_s_atlantavpnbo_eur;TGA_B_X_T04_S_ATLANTAVPNBO_EUR;да;26;1;1;1;450;3,8;3,8;0;450;0;17,31;;17307,69
tga_b_x_t01_s_atlantavpnbo_eur;TGA_B_X_T01_S_ATLANTAVPNBO_EUR;да;25;2;0;0;0;8;0;0;0;0;0;;0
tga_b_x_t09_s_sota_eur;TGA_B_X_T09_S_SOTA_EUR;да;21;3;1;1;300;14,3;4,8;0;300;0;14,29;;14285,71
tga_b_x_t09_s_velvetvpnbot_eur;TGA_B_X_T09_S_VELVETVPNBOT_EUR;да;20;1;0;0;0;5;0;0;0;0;0;;0
tga_c_x_t04_s_shadownetvpn_eur;TGA_C_X_T04_S_SHADOWNETVPN_EUR;да;18;3;2;2;600;16,7;11,1;0;600;0;33,33;;33333,33
tga_b_x_t05_s_sota_eur;TGA_B_X_T05_S_SOTA_EUR;да;17;2;0;0;0;11,8;0;0;0;0;0;;0
tga_b_x_t11_s_velvetvpnbot_eur;TGA_B_X_T11_S_VELVETVPNBOT_EUR;да;17;2;0;0;0;11,8;0;0;0;0;0;;0
tga_c_x_t01_s_shadownetvpn_eur;TGA_C_X_T01_S_SHADOWNETVPN_EUR;да;15;1;1;1;300;6,7;6,7;0;300;0;20;;20000
tga_b_x_t07_s_velvetvpnbot_eur;TGA_B_X_T07_S_VELVETVPNBOT_EUR;да;13;1;0;0;0;7,7;0;0;0;0;0;;0
tga_b_x_t08_s_sota_eur;TGA_B_X_T08_S_SOTA_EUR;да;12;1;0;0;0;8,3;0;0;0;0;0;;0
tga_b_x_t08_s_velvetvpnbot_eur;TGA_B_X_T08_S_VELVETVPNBOT_EUR;да;12;1;0;0;0;8,3;0;0;0;0;0;;0
tga_c_x_t04_s_lagomvpn_eur;TGA_C_X_T04_S_LAGOMVPN_EUR;да;12;2;1;1;300;16,7;8,3;0;300;0;25;;25000
tga_b_x_t10_s_velvetvpnbot_eur;TGA_B_X_T10_S_VELVETVPNBOT_EUR;да;11;0;0;0;0;0;0;0;0;0;0;;0
tga_b_x_t05_s_velvetvpnbot_eur;TGA_B_X_T05_S_VELVETVPNBOT_EUR;да;10;1;0;0;0;10;0;0;0;0;0;;0
tga_b_x_t11_s_atlantavpnbo_eur;TGA_B_X_T11_S_ATLANTAVPNBO_EUR;да;9;0;0;0;0;0;0;0;0;0;0;;0
tga_b_x_t11_s_sota_eur;TGA_B_X_T11_S_SOTA_EUR;да;9;0;0;0;0;0;0;0;0;0;0;;0
tga_c_x_t04_s_adguardru_eur;TGA_C_X_T04_S_ADGUARDRU_EUR;да;9;1;1;1;300;11,1;11,1;0;300;0;33,33;;33333,33
tga_b_x_t04_s_vpnrealbot_eur;TGA_B_X_T04_S_VPNREALBOT_EUR;да;8;0;0;0;0;0;0;0;0;0;0;;0
tga_c_x_t01_s_surfvpnnews_eur;TGA_C_X_T01_S_SURFVPNNEWS_EUR;да;8;1;17;3;7816;12,5;37,5;0;2100;0;977;;262500
tga_b_x_t06_s_sota_eur;TGA_B_X_T06_S_SOTA_EUR;да;7;1;0;0;0;14,3;0;0;0;0;0;;0
tga_c_x_t01_s_siriusvpn_eur;TGA_C_X_T01_S_SIRIUSVPN_EUR;да;7;1;0;0;0;14,3;0;0;0;0;0;;0
tga_b_x_t01_s_phonkvpnbot_eur;TGA_B_X_T01_S_PHONKVPNBOT_EUR;да;6;0;0;0;0;0;0;0;0;0;0;;0
tga_b_x_t06_s_velvetvpnbot_eur;TGA_B_X_T06_S_VELVETVPNBOT_EUR;да;6;2;0;0;0;33,3;0;0;0;0;0;;0
tga_b_x_t10_s_sota_eur;TGA_B_X_T10_S_SOTA_EUR;да;6;0;0;0;0;0;0;0;0;0;0;;0
tga_c_x_t01_s_lagomvpn_eur;TGA_C_X_T01_S_LAGOMVPN_EUR;да;6;0;0;0;0;0;0;0;0;0;0;;0
tga_c_x_t04_s_siriusvpn_eur;TGA_C_X_T04_S_SIRIUSVPN_EUR;да;6;1;0;0;0;16,7;0;0;0;0;0;;0
tga_c_x_t01_s_amneziavpnne_eur;TGA_C_X_T01_S_AMNEZIAVPNNE_EUR;да;5;0;0;0;0;0;0;0;0;0;0;;0
tga_c_x_t04_s_vpn1news_eur;TGA_C_X_T04_S_VPN1NEWS_EUR;да;5;1;0;0;0;20;0;0;0;0;0;;0
tga_c_x_t08_s_amneziavpnne_eur;TGA_C_X_T08_S_AMNEZIAVPNNE_EUR;да;5;2;1;1;300;40;20;0;300;0;60;;60000
tga_b_x_t07_s_sota_eur;TGA_B_X_T07_S_SOTA_EUR;да;4;0;0;0;0;0;0;0;0;0;0;;0
tga_c_x_t01_s_tginfo_eur;TGA_C_X_T01_S_TGINFO_EUR;да;4;0;0;0;0;0;0;0;0;0;0;;0
tga_c_x_t08_s_quattrovpnne_eur;TGA_C_X_T08_S_QUATTROVPNNE_EUR;да;4;0;0;0;0;0;0;0;0;0;0;;0
tga_c_x_t09_s_amneziavpnne_eur;TGA_C_X_T09_S_AMNEZIAVPNNE_EUR;да;4;1;0;0;0;25;0;0;0;0;0;;0
tga_c_x_t09_s_siriusvpn_eur;TGA_C_X_T09_S_SIRIUSVPN_EUR;да;4;0;0;0;0;0;0;0;0;0;0;;0
tga_b_x_t04_s_gruvpnbot_eur;TGA_B_X_T04_S_GRUVPNBOT_EUR;да;3;0;0;0;0;0;0;0;0;0;0;;0
tga_c_x_t01_s_blokiruneta_eur;TGA_C_X_T01_S_BLOKIRUNETA_EUR;да;3;0;0;0;0;0;0;0;0;0;0;;0
tga_c_x_t04_s_surfvpnnews_eur;TGA_C_X_T04_S_SURFVPNNEWS_EUR;да;3;1;7;2;1538;33,3;66,7;0;0;0;512,67;;0
tga_c_x_t04_s_vpngen_eur;TGA_C_X_T04_S_VPNGEN_EUR;да;3;0;0;0;0;0;0;0;0;0;0;;0
tga_c_x_t05_s_amneziavpnne_eur;TGA_C_X_T05_S_AMNEZIAVPNNE_EUR;да;3;0;0;0;0;0;0;0;0;0;0;;0
tga_c_x_t05_s_siriusvpn_eur;TGA_C_X_T05_S_SIRIUSVPN_EUR;да;3;0;0;0;0;0;0;0;0;0;0;;0
tga_c_x_t11_s_amneziavpnne_eur;TGA_C_X_T11_S_AMNEZIAVPNNE_EUR;да;3;0;0;0;0;0;0;0;0;0;0;;0
tga_b_x_t01_s_vpnuibot_eur;TGA_B_X_T01_S_VPNUIBOT_EUR;да;2;0;0;0;0;0;0;0;0;0;0;;0
tga_b_x_t04_s_phonkvpnbot_eur;TGA_B_X_T04_S_PHONKVPNBOT_EUR;да;2;0;0;0;0;0;0;0;0;0;0;;0
tga_b_x_t04_s_vpnuibot_eur;TGA_B_X_T04_S_VPNUIBOT_EUR;да;2;0;0;0;0;0;0;0;0;0;0;;0
tga_c_x_t01_s_protonvpnnew_eur;TGA_C_X_T01_S_PROTONVPNNEW_EUR;да;2;0;1;1;300;0;50;0;300;0;150;;150000
tga_c_x_t01_s_vpngen_eur;TGA_C_X_T01_S_VPNGEN_EUR;да;2;0;0;0;0;0;0;0;0;0;0;;0
tga_c_x_t04_s_blancvpn_eur;TGA_C_X_T04_S_BLANCVPN_EUR;да;2;0;0;0;0;0;0;0;0;0;0;;0
tga_c_x_t04_s_tginfo_eur;TGA_C_X_T04_S_TGINFO_EUR;да;2;0;0;0;0;0;0;0;0;0;0;;0
tga_c_x_t05_s_nashvpnnews_eur;TGA_C_X_T05_S_NASHVPNNEWS_EUR;да;2;0;0;0;0;0;0;0;0;0;0;;0
tga_c_x_t05_s_quattrovpnne_eur;TGA_C_X_T05_S_QUATTROVPNNE_EUR;да;2;0;0;0;0;0;0;0;0;0;0;;0
tga_c_x_t08_s_siriusvpn_eur;TGA_C_X_T08_S_SIRIUSVPN_EUR;да;2;0;0;0;0;0;0;0;0;0;0;;0
tga_c_x_t09_s_nashvpnnews_eur;TGA_C_X_T09_S_NASHVPNNEWS_EUR;да;2;1;0;0;0;50;0;0;0;0;0;;0
tga_c_x_t11_s_siriusvpn_eur;TGA_C_X_T11_S_SIRIUSVPN_EUR;да;2;0;0;0;0;0;0;0;0;0;0;;0
tga_b_x_t01_s_bloggervpnbo_eur;TGA_B_X_T01_S_BLOGGERVPNBO_EUR;да;1;0;0;0;0;0;0;0;0;0;0;;0
tga_b_x_t01_s_fckrknbot_eur;TGA_B_X_T01_S_FCKRKNBOT_EUR;да;1;0;0;0;0;0;0;0;0;0;0;;0
tga_b_x_t01_s_gruvpnbot_eur;TGA_B_X_T01_S_GRUVPNBOT_EUR;да;1;1;1;1;300;100;100;0;300;0;300;;300000
tga_b_x_t04_s_bloggervpnbo_eur;TGA_B_X_T04_S_BLOGGERVPNBO_EUR;да;1;1;1;1;2400;100;100;0;2400;0;2400;;2400000
tga_b_x_t04_s_fastvpnkeybo_eur;TGA_B_X_T04_S_FASTVPNKEYBO_EUR;да;1;0;0;0;0;0;0;0;0;0;0;;0
tga_b_x_t04_s_fckrknbot_eur;TGA_B_X_T04_S_FCKRKNBOT_EUR;да;1;0;0;0;0;0;0;0;0;0;0;;0
tga_b_x_t04_s_openworld_eur;TGA_B_X_T04_S_OPENWORLD_EUR;да;1;0;0;0;0;0;0;0;0;0;0;;0
tga_b_x_t04_s_toshibuvpnbo_eur;TGA_B_X_T04_S_TOSHIBUVPNBO_EUR;да;1;0;0;0;0;0;0;0;0;0;0;;0
tga_c_x_t01_s_blancvpn_eur;TGA_C_X_T01_S_BLANCVPN_EUR;да;1;0;0;0;0;0;0;0;0;0;0;;0
tga_c_x_t01_s_quattrovpnne_eur;TGA_C_X_T01_S_QUATTROVPNNE_EUR;да;1;0;0;0;0;0;0;0;0;0;0;;0
tga_c_x_t01_s_vpn1news_eur;TGA_C_X_T01_S_VPN1NEWS_EUR;да;1;0;0;0;0;0;0;0;0;0;0;;0
tga_c_x_t01_s_vpnliberty_eur;TGA_C_X_T01_S_VPNLIBERTY_EUR;да;1;1;0;0;0;100;0;0;0;0;0;;0
tga_c_x_t04_s_amneziavpnne_eur;TGA_C_X_T04_S_AMNEZIAVPNNE_EUR;да;1;0;0;0;0;0;0;0;0;0;0;;0
tga_c_x_t04_s_barryvpn_eur;TGA_C_X_T04_S_BARRYVPN_EUR;да;1;0;0;0;0;0;0;0;0;0;0;;0
tga_c_x_t04_s_hermitvpn_eur;TGA_C_X_T04_S_HERMITVPN_EUR;да;1;0;0;0;0;0;0;0;0;0;0;;0
tga_c_x_t04_s_rozetked_eur;TGA_C_X_T04_S_ROZETKED_EUR;да;1;0;0;0;0;0;0;0;0;0;0;;0
tga_c_x_t04_s_seed4meru_eur;TGA_C_X_T04_S_SEED4MERU_EUR;да;1;1;0;0;0;100;0;0;0;0;0;;0
tga_c_x_t04_s_uboostrussia_eur;TGA_C_X_T04_S_UBOOSTRUSSIA_EUR;да;1;0;0;0;0;0;0;0;0;0;0;;0
tga_c_x_t04_s_vezarys_eur;TGA_C_X_T04_S_VEZARYS_EUR;да;1;0;0;0;0;0;0;0;0;0;0;;0
tga_c_x_t06_s_amneziavpnne_eur;TGA_C_X_T06_S_AMNEZIAVPNNE_EUR;да;1;0;0;0;0;0;0;0;0;0;0;;0
tga_c_x_t06_s_quattrovpnne_eur;TGA_C_X_T06_S_QUATTROVPNNE_EUR;да;1;0;0;0;0;0;0;0;0;0;0;;0
tga_c_x_t06_s_siriusvpn_eur;TGA_C_X_T06_S_SIRIUSVPN_EUR;да;1;1;0;0;0;100;0;0;0;0;0;;0
tga_c_x_t07_s_quattrovpnne_eur;TGA_C_X_T07_S_QUATTROVPNNE_EUR;да;1;0;0;0;0;0;0;0;0;0;0;;0
tga_c_x_t07_s_siriusvpn_eur;TGA_C_X_T07_S_SIRIUSVPN_EUR;да;1;0;0;0;0;0;0;0;0;0;0;;0
tga_c_x_t09_s_quattrovpnne_eur;TGA_C_X_T09_S_QUATTROVPNNE_EUR;да;1;0;0;0;0;0;0;0;0;0;0;;0
tga_c_x_t10_s_nashvpnnews_eur;TGA_C_X_T10_S_NASHVPNNEWS_EUR;да;1;1;0;0;0;100;0;0;0;0;0;;0
tga_c_x_t10_s_siriusvpn_eur;TGA_C_X_T10_S_SIRIUSVPN_EUR;да;1;0;0;0;0;0;0;0;0;0;0;;0
tga_b_x_t01_s_actonvpnbot_eur;TGA_B_X_T01_S_ACTONVPNBOT_EUR;да;0;0;0;0;0;0;0;0;0;0;;;
tga_b_x_t01_s_biffrobot_eur;TGA_B_X_T01_S_BIFFROBOT_EUR;да;0;0;0;0;0;0;0;0;0;0;;;
tga_b_x_t01_s_bravadavpbot_eur;TGA_B_X_T01_S_BRAVADAVPBOT_EUR;да;0;0;0;0;0;0;0;0;0;0;;;
tga_b_x_t01_s_brovpnbot_eur;TGA_B_X_T01_S_BROVPNBOT_EUR;да;0;0;0;0;0;0;0;0;0;0;;;
tga_b_x_t01_s_clubvpnrubot_eur;TGA_B_X_T01_S_CLUBVPNRUBOT_EUR;да;0;0;0;0;0;0;0;0;0;0;;;
tga_b_x_t01_s_dstuiroepbot_eur;TGA_B_X_T01_S_DSTUIROEPBOT_EUR;да;0;0;0;0;0;0;0;0;0;0;;;
tga_b_x_t01_s_fastvpnkeybo_eur;TGA_B_X_T01_S_FASTVPNKEYBO_EUR;да;0;0;0;0;0;0;0;0;0;0;;;
tga_b_x_t01_s_foxxxyvpnbot_eur;TGA_B_X_T01_S_FOXXXYVPNBOT_EUR;да;0;0;0;0;0;0;0;0;0;0;;;
tga_b_x_t01_s_kupolappbot_eur;TGA_B_X_T01_S_KUPOLAPPBOT_EUR;да;0;0;0;0;0;0;0;0;0;0;;;
tga_b_x_t01_s_ledokolsabot_eur;TGA_B_X_T01_S_LEDOKOLSABOT_EUR;да;0;0;0;0;0;0;0;0;0;0;;;
tga_b_x_t01_s_lennyvpnbot_eur;TGA_B_X_T01_S_LENNYVPNBOT_EUR;да;0;0;0;0;0;0;0;0;0;0;;;
tga_b_x_t01_s_nevcorevpbot_eur;TGA_B_X_T01_S_NEVCOREVPBOT_EUR;да;0;0;0;0;0;0;0;0;0;0;;;
tga_b_x_t01_s_noproblembot_eur;TGA_B_X_T01_S_NOPROBLEMBOT_EUR;да;0;0;0;0;0;0;0;0;0;0;;;
tga_b_x_t01_s_oolifehackbo_eur;TGA_B_X_T01_S_OOLIFEHACKBO_EUR;да;0;0;0;0;0;0;0;0;0;0;;;
tga_b_x_t01_s_redstonevbot_eur;TGA_B_X_T01_S_REDSTONEVBOT_EUR;да;0;0;0;0;0;0;0;0;0;0;;;
tga_b_x_t01_s_topfreedobot_eur;TGA_B_X_T01_S_TOPFREEDOBOT_EUR;да;0;0;0;0;0;0;0;0;0;0;;;
tga_b_x_t01_s_toshibuvpnbo_eur;TGA_B_X_T01_S_TOSHIBUVPNBO_EUR;да;0;0;0;0;0;0;0;0;0;0;;;
tga_b_x_t01_s_v2raytunbot_eur;TGA_B_X_T01_S_V2RAYTUNBOT_EUR;да;0;0;0;0;0;0;0;0;0;0;;;
tga_b_x_t01_s_vpnducksbot_eur;TGA_B_X_T01_S_VPNDUCKSBOT_EUR;да;0;0;0;0;0;0;0;0;0;0;;;
tga_b_x_t01_s_vpngrozabot_eur;TGA_B_X_T01_S_VPNGROZABOT_EUR;да;0;0;0;0;0;0;0;0;0;0;;;
tga_b_x_t01_s_vpnnaposlbot_eur;TGA_B_X_T01_S_VPNNAPOSLBOT_EUR;да;0;0;0;0;0;0;0;0;0;0;;;
tga_b_x_t01_s_vpnraketabot_eur;TGA_B_X_T01_S_VPNRAKETABOT_EUR;да;0;0;0;0;0;0;0;0;0;0;;;
tga_b_x_t01_s_xrocketvpnbo_eur;TGA_B_X_T01_S_XROCKETVPNBO_EUR;да;0;0;0;0;0;0;0;0;0;0;;;
tga_b_x_t04_s_actonvpnbot_eur;TGA_B_X_T04_S_ACTONVPNBOT_EUR;да;0;0;0;0;0;0;0;0;0;0;;;
tga_b_x_t04_s_biffrobot_eur;TGA_B_X_T04_S_BIFFROBOT_EUR;да;0;0;0;0;0;0;0;0;0;0;;;
tga_b_x_t04_s_bravadavpbot_eur;TGA_B_X_T04_S_BRAVADAVPBOT_EUR;да;0;0;0;0;0;0;0;0;0;0;;;
tga_b_x_t04_s_brovpnbot_eur;TGA_B_X_T04_S_BROVPNBOT_EUR;да;0;0;0;0;0;0;0;0;0;0;;;
tga_b_x_t04_s_clubvpnrubot_eur;TGA_B_X_T04_S_CLUBVPNRUBOT_EUR;да;0;0;0;0;0;0;0;0;0;0;;;
tga_b_x_t04_s_dstuiroepbot_eur;TGA_B_X_T04_S_DSTUIROEPBOT_EUR;да;0;0;0;0;0;0;0;0;0;0;;;
tga_b_x_t04_s_foxxxyvpnbot_eur;TGA_B_X_T04_S_FOXXXYVPNBOT_EUR;да;0;0;0;0;0;0;0;0;0;0;;;
tga_b_x_t04_s_kupolappbot_eur;TGA_B_X_T04_S_KUPOLAPPBOT_EUR;да;0;0;0;0;0;0;0;0;0;0;;;
tga_b_x_t04_s_ledokolsabot_eur;TGA_B_X_T04_S_LEDOKOLSABOT_EUR;да;0;0;0;0;0;0;0;0;0;0;;;
tga_b_x_t04_s_lennyvpnbot_eur;TGA_B_X_T04_S_LENNYVPNBOT_EUR;да;0;0;0;0;0;0;0;0;0;0;;;
tga_b_x_t04_s_nevcorevpbot_eur;TGA_B_X_T04_S_NEVCOREVPBOT_EUR;да;0;0;0;0;0;0;0;0;0;0;;;
tga_b_x_t04_s_noproblembot_eur;TGA_B_X_T04_S_NOPROBLEMBOT_EUR;да;0;0;0;0;0;0;0;0;0;0;;;
tga_b_x_t04_s_oolifehackbo_eur;TGA_B_X_T04_S_OOLIFEHACKBO_EUR;да;0;0;0;0;0;0;0;0;0;0;;;
tga_b_x_t04_s_prostoovpnbo_eur;TGA_B_X_T04_S_PROSTOOVPNBO_EUR;да;0;0;0;0;0;0;0;0;0;0;;;
tga_b_x_t04_s_redstonevbot_eur;TGA_B_X_T04_S_REDSTONEVBOT_EUR;да;0;0;0;0;0;0;0;0;0;0;;;
tga_b_x_t04_s_topfreedobot_eur;TGA_B_X_T04_S_TOPFREEDOBOT_EUR;да;0;0;0;0;0;0;0;0;0;0;;;
tga_b_x_t04_s_v2raytunbot_eur;TGA_B_X_T04_S_V2RAYTUNBOT_EUR;да;0;0;0;0;0;0;0;0;0;0;;;
tga_b_x_t04_s_vpnducksbot_eur;TGA_B_X_T04_S_VPNDUCKSBOT_EUR;да;0;0;0;0;0;0;0;0;0;0;;;
tga_b_x_t04_s_vpngrozabot_eur;TGA_B_X_T04_S_VPNGROZABOT_EUR;да;0;0;0;0;0;0;0;0;0;0;;;
tga_b_x_t04_s_vpnnaposlbot_eur;TGA_B_X_T04_S_VPNNAPOSLBOT_EUR;да;0;0;0;0;0;0;0;0;0;0;;;
tga_b_x_t04_s_vpnraketabot_eur;TGA_B_X_T04_S_VPNRAKETABOT_EUR;да;0;0;0;0;0;0;0;0;0;0;;;
tga_b_x_t04_s_xrocketvpnbo_eur;TGA_B_X_T04_S_XROCKETVPNBO_EUR;да;0;0;0;0;0;0;0;0;0;0;;;
tga_c_x_t01_s_adguardru_eur;TGA_C_X_T01_S_ADGUARDRU_EUR;да;0;0;0;0;0;0;0;0;0;0;;;
tga_c_x_t01_s_atelecomprov_eur;TGA_C_X_T01_S_ATELECOMPROV_EUR;да;0;0;0;0;0;0;0;0;0;0;;;
tga_c_x_t01_s_barryvpn_eur;TGA_C_X_T01_S_BARRYVPN_EUR;да;0;0;0;0;0;0;0;0;0;0;;;
tga_c_x_t01_s_dedvpn_eur;TGA_C_X_T01_S_DEDVPN_EUR;да;0;0;0;0;0;0;0;0;0;0;;;
tga_c_x_t01_s_domlink_eur;TGA_C_X_T01_S_DOMLINK_EUR;да;0;0;0;0;0;0;0;0;0;0;;;
tga_c_x_t01_s_followneo_eur;TGA_C_X_T01_S_FOLLOWNEO_EUR;да;0;0;0;0;0;0;0;0;0;0;;;
tga_c_x_t01_s_greenvpn_eur;TGA_C_X_T01_S_GREENVPN_EUR;да;0;0;0;0;0;0;0;0;0;0;;;
tga_c_x_t01_s_hermitvpn_eur;TGA_C_X_T01_S_HERMITVPN_EUR;да;0;0;0;0;0;0;0;0;0;0;;;
tga_c_x_t01_s_planetavpna_eur;TGA_C_X_T01_S_PLANETAVPNA_EUR;да;0;0;0;0;0;0;0;0;0;0;;;
tga_c_x_t01_s_roskomsvoboda_eur;TGA_C_X_T01_S_ROSKOMSVOBODA_EUR;да;0;0;0;0;0;0;0;0;0;0;;;
tga_c_x_t01_s_rozetked_eur;TGA_C_X_T01_S_ROZETKED_EUR;да;0;0;0;0;0;0;0;0;0;0;;;
tga_c_x_t01_s_shukavpn_eur;TGA_C_X_T01_S_SHUKAVPN_EUR;да;0;0;0;0;0;0;0;0;0;0;;;
tga_c_x_t01_s_sotavpn_eur;TGA_C_X_T01_S_SOTAVPN_EUR;да;0;0;0;0;0;0;0;0;0;0;;;
tga_c_x_t01_s_surfnetnews_eur;TGA_C_X_T01_S_SURFNETNEWS_EUR;да;0;0;0;0;0;0;0;0;0;0;;;
tga_c_x_t01_s_surfvpninf2_eur;TGA_C_X_T01_S_SURFVPNINF2_EUR;да;0;0;0;0;0;0;0;0;0;0;;;
tga_c_x_t01_s_surfvpninfo_eur;TGA_C_X_T01_S_SURFVPNINFO_EUR;да;0;0;0;0;0;0;0;0;0;0;;;
tga_c_x_t01_s_vezarys_eur;TGA_C_X_T01_S_VEZARYS_EUR;да;0;0;0;0;0;0;0;0;0;0;;;
tga_c_x_t01_s_voxiproxy_eur;TGA_C_X_T01_S_VOXIPROXY_EUR;да;0;0;0;0;0;0;0;0;0;0;;;
tga_c_x_t01_s_vpnural_eur;TGA_C_X_T01_S_VPNURAL_EUR;да;0;0;0;0;0;0;0;0;0;0;;;
tga_c_x_t01_s_youfastvpn_eur;TGA_C_X_T01_S_YOUFASTVPN_EUR;да;0;0;0;0;0;0;0;0;0;0;;;
tga_c_x_t04_s_atelecomprov_eur;TGA_C_X_T04_S_ATELECOMPROV_EUR;да;0;0;0;0;0;0;0;0;0;0;;;
tga_c_x_t04_s_blokiruneta_eur;TGA_C_X_T04_S_BLOKIRUNETA_EUR;да;0;0;0;0;0;0;0;0;0;0;;;
tga_c_x_t04_s_dedvpn_eur;TGA_C_X_T04_S_DEDVPN_EUR;да;0;0;0;0;0;0;0;0;0;0;;;
tga_c_x_t04_s_domlink_eur;TGA_C_X_T04_S_DOMLINK_EUR;да;0;0;0;0;0;0;0;0;0;0;;;
tga_c_x_t04_s_followneo_eur;TGA_C_X_T04_S_FOLLOWNEO_EUR;да;0;0;0;0;0;0;0;0;0;0;;;
tga_c_x_t04_s_greenvpn_eur;TGA_C_X_T04_S_GREENVPN_EUR;да;0;0;0;0;0;0;0;0;0;0;;;
tga_c_x_t04_s_planetavpna_eur;TGA_C_X_T04_S_PLANETAVPNA_EUR;да;0;0;0;0;0;0;0;0;0;0;;;
tga_c_x_t04_s_protonvpnnew_eur;TGA_C_X_T04_S_PROTONVPNNEW_EUR;да;0;0;0;0;0;0;0;0;0;0;;;
tga_c_x_t04_s_quattrovpnne_eur;TGA_C_X_T04_S_QUATTROVPNNE_EUR;да;0;0;0;0;0;0;0;0;0;0;;;
tga_c_x_t04_s_roskomsvoboda_eur;TGA_C_X_T04_S_ROSKOMSVOBODA_EUR;да;0;0;0;0;0;0;0;0;0;0;;;
tga_c_x_t04_s_shukavpn_eur;TGA_C_X_T04_S_SHUKAVPN_EUR;да;0;0;0;0;0;0;0;0;0;0;;;
tga_c_x_t04_s_sotavpn_eur;TGA_C_X_T04_S_SOTAVPN_EUR;да;0;0;0;0;0;0;0;0;0;0;;;
tga_c_x_t04_s_surfnetnews_eur;TGA_C_X_T04_S_SURFNETNEWS_EUR;да;0;0;0;0;0;0;0;0;0;0;;;
tga_c_x_t04_s_surfvpninf2_eur;TGA_C_X_T04_S_SURFVPNINF2_EUR;да;0;0;0;0;0;0;0;0;0;0;;;
tga_c_x_t04_s_surfvpninfo_eur;TGA_C_X_T04_S_SURFVPNINFO_EUR;да;0;0;0;0;0;0;0;0;0;0;;;
tga_c_x_t04_s_voxiproxy_eur;TGA_C_X_T04_S_VOXIPROXY_EUR;да;0;0;0;0;0;0;0;0;0;0;;;
tga_c_x_t04_s_vpnliberty_eur;TGA_C_X_T04_S_VPNLIBERTY_EUR;да;0;0;0;0;0;0;0;0;0;0;;;
tga_c_x_t04_s_vpnural_eur;TGA_C_X_T04_S_VPNURAL_EUR;да;0;0;0;0;0;0;0;0;0;0;;;
tga_c_x_t04_s_youfastvpn_eur;TGA_C_X_T04_S_YOUFASTVPN_EUR;да;0;0;0;0;0;0;0;0;0;0;;;
tga_c_x_t05_s_aveselovru_eur;TGA_C_X_T05_S_AVESELOVRU_EUR;да;0;0;0;0;0;0;0;0;0;0;;;
tga_c_x_t05_s_barryvpn_eur;TGA_C_X_T05_S_BARRYVPN_EUR;да;0;0;0;0;0;0;0;0;0;0;;;
tga_c_x_t05_s_getoutlinevp_eur;TGA_C_X_T05_S_GETOUTLINEVP_EUR;да;0;0;0;0;0;0;0;0;0;0;;;
tga_c_x_t05_s_itopvpnru_eur;TGA_C_X_T05_S_ITOPVPNRU_EUR;да;0;0;0;0;0;0;0;0;0;0;;;
tga_c_x_t05_s_purrnetnews_eur;TGA_C_X_T05_S_PURRNETNEWS_EUR;да;0;0;0;0;0;0;0;0;0;0;;;
tga_c_x_t05_s_runvpn_eur;TGA_C_X_T05_S_RUNVPN_EUR;да;0;0;0;0;0;0;0;0;0;0;;;
tga_c_x_t05_s_saferunet_eur;TGA_C_X_T05_S_SAFERUNET_EUR;да;0;0;0;0;0;0;0;0;0;0;;;
tga_c_x_t05_s_shukavpn_eur;TGA_C_X_T05_S_SHUKAVPN_EUR;да;0;0;0;0;0;0;0;0;0;0;;;
tga_c_x_t05_s_sotavpn_eur;TGA_C_X_T05_S_SOTAVPN_EUR;да;0;0;0;0;0;0;0;0;0;0;;;
tga_c_x_t05_s_vlessvpns_eur;TGA_C_X_T05_S_VLESSVPNS_EUR;да;0;0;0;0;0;0;0;0;0;0;;;
tga_c_x_t05_s_vpndrift_eur;TGA_C_X_T05_S_VPNDRIFT_EUR;да;0;0;0;0;0;0;0;0;0;0;;;
tga_c_x_t05_s_vpnproxymast_eur;TGA_C_X_T05_S_VPNPROXYMAST_EUR;да;0;0;0;0;0;0;0;0;0;0;;;
tga_c_x_t06_s_aveselovru_eur;TGA_C_X_T06_S_AVESELOVRU_EUR;да;0;0;0;0;0;0;0;0;0;0;;;
tga_c_x_t06_s_barryvpn_eur;TGA_C_X_T06_S_BARRYVPN_EUR;да;0;0;0;0;0;0;0;0;0;0;;;
tga_c_x_t06_s_getoutlinevp_eur;TGA_C_X_T06_S_GETOUTLINEVP_EUR;да;0;0;0;0;0;0;0;0;0;0;;;
tga_c_x_t06_s_itopvpnru_eur;TGA_C_X_T06_S_ITOPVPNRU_EUR;да;0;0;0;0;0;0;0;0;0;0;;;
tga_c_x_t06_s_nashvpnnews_eur;TGA_C_X_T06_S_NASHVPNNEWS_EUR;да;0;0;0;0;0;0;0;0;0;0;;;
tga_c_x_t06_s_purrnetnews_eur;TGA_C_X_T06_S_PURRNETNEWS_EUR;да;0;0;0;0;0;0;0;0;0;0;;;
tga_c_x_t06_s_runvpn_eur;TGA_C_X_T06_S_RUNVPN_EUR;да;0;0;0;0;0;0;0;0;0;0;;;
tga_c_x_t06_s_saferunet_eur;TGA_C_X_T06_S_SAFERUNET_EUR;да;0;0;0;0;0;0;0;0;0;0;;;
tga_c_x_t06_s_shukavpn_eur;TGA_C_X_T06_S_SHUKAVPN_EUR;да;0;0;0;0;0;0;0;0;0;0;;;
tga_c_x_t06_s_sotavpn_eur;TGA_C_X_T06_S_SOTAVPN_EUR;да;0;0;0;0;0;0;0;0;0;0;;;
tga_c_x_t06_s_vlessvpns_eur;TGA_C_X_T06_S_VLESSVPNS_EUR;да;0;0;0;0;0;0;0;0;0;0;;;
tga_c_x_t06_s_vpndrift_eur;TGA_C_X_T06_S_VPNDRIFT_EUR;да;0;0;0;0;0;0;0;0;0;0;;;
tga_c_x_t06_s_vpnproxymast_eur;TGA_C_X_T06_S_VPNPROXYMAST_EUR;да;0;0;0;0;0;0;0;0;0;0;;;
tga_c_x_t07_s_amneziavpnne_eur;TGA_C_X_T07_S_AMNEZIAVPNNE_EUR;да;0;0;0;0;0;0;0;0;0;0;;;
tga_c_x_t07_s_aveselovru_eur;TGA_C_X_T07_S_AVESELOVRU_EUR;да;0;0;0;0;0;0;0;0;0;0;;;
tga_c_x_t07_s_barryvpn_eur;TGA_C_X_T07_S_BARRYVPN_EUR;да;0;0;0;0;0;0;0;0;0;0;;;
tga_c_x_t07_s_getoutlinevp_eur;TGA_C_X_T07_S_GETOUTLINEVP_EUR;да;0;0;0;0;0;0;0;0;0;0;;;
tga_c_x_t07_s_itopvpnru_eur;TGA_C_X_T07_S_ITOPVPNRU_EUR;да;0;0;0;0;0;0;0;0;0;0;;;
tga_c_x_t07_s_nashvpnnews_eur;TGA_C_X_T07_S_NASHVPNNEWS_EUR;да;0;0;0;0;0;0;0;0;0;0;;;
tga_c_x_t07_s_shukavpn_eur;TGA_C_X_T07_S_SHUKAVPN_EUR;да;0;0;0;0;0;0;0;0;0;0;;;
tga_c_x_t07_s_sotavpn_eur;TGA_C_X_T07_S_SOTAVPN_EUR;да;0;0;0;0;0;0;0;0;0;0;;;
tga_c_x_t07_s_vlessvpns_eur;TGA_C_X_T07_S_VLESSVPNS_EUR;да;0;0;0;0;0;0;0;0;0;0;;;
tga_c_x_t07_s_vpnproxymast_eur;TGA_C_X_T07_S_VPNPROXYMAST_EUR;да;0;0;0;0;0;0;0;0;0;0;;;
tga_c_x_t08_s_aveselovru_eur;TGA_C_X_T08_S_AVESELOVRU_EUR;да;0;0;0;0;0;0;0;0;0;0;;;
tga_c_x_t08_s_barryvpn_eur;TGA_C_X_T08_S_BARRYVPN_EUR;да;0;0;0;0;0;0;0;0;0;0;;;
tga_c_x_t08_s_getoutlinevp_eur;TGA_C_X_T08_S_GETOUTLINEVP_EUR;да;0;0;0;0;0;0;0;0;0;0;;;
tga_c_x_t08_s_itopvpnru_eur;TGA_C_X_T08_S_ITOPVPNRU_EUR;да;0;0;0;0;0;0;0;0;0;0;;;
tga_c_x_t08_s_nashvpnnews_eur;TGA_C_X_T08_S_NASHVPNNEWS_EUR;да;0;0;0;0;0;0;0;0;0;0;;;
tga_c_x_t08_s_purrnetnews_eur;TGA_C_X_T08_S_PURRNETNEWS_EUR;да;0;0;0;0;0;0;0;0;0;0;;;
tga_c_x_t08_s_runvpn_eur;TGA_C_X_T08_S_RUNVPN_EUR;да;0;0;0;0;0;0;0;0;0;0;;;
tga_c_x_t08_s_saferunet_eur;TGA_C_X_T08_S_SAFERUNET_EUR;да;0;0;0;0;0;0;0;0;0;0;;;
tga_c_x_t08_s_shukavpn_eur;TGA_C_X_T08_S_SHUKAVPN_EUR;да;0;0;0;0;0;0;0;0;0;0;;;
tga_c_x_t08_s_sotavpn_eur;TGA_C_X_T08_S_SOTAVPN_EUR;да;0;0;0;0;0;0;0;0;0;0;;;
tga_c_x_t08_s_vlessvpns_eur;TGA_C_X_T08_S_VLESSVPNS_EUR;да;0;0;0;0;0;0;0;0;0;0;;;
tga_c_x_t08_s_vpndrift_eur;TGA_C_X_T08_S_VPNDRIFT_EUR;да;0;0;0;0;0;0;0;0;0;0;;;
tga_c_x_t08_s_vpnproxymast_eur;TGA_C_X_T08_S_VPNPROXYMAST_EUR;да;0;0;0;0;0;0;0;0;0;0;;;
tga_c_x_t09_s_aveselovru_eur;TGA_C_X_T09_S_AVESELOVRU_EUR;да;0;0;0;0;0;0;0;0;0;0;;;
tga_c_x_t09_s_barryvpn_eur;TGA_C_X_T09_S_BARRYVPN_EUR;да;0;0;0;0;0;0;0;0;0;0;;;
tga_c_x_t09_s_getoutlinevp_eur;TGA_C_X_T09_S_GETOUTLINEVP_EUR;да;0;0;0;0;0;0;0;0;0;0;;;
tga_c_x_t09_s_itopvpnru_eur;TGA_C_X_T09_S_ITOPVPNRU_EUR;да;0;0;0;0;0;0;0;0;0;0;;;
tga_c_x_t09_s_shukavpn_eur;TGA_C_X_T09_S_SHUKAVPN_EUR;да;0;0;0;0;0;0;0;0;0;0;;;
tga_c_x_t09_s_sotavpn_eur;TGA_C_X_T09_S_SOTAVPN_EUR;да;0;0;0;0;0;0;0;0;0;0;;;
tga_c_x_t09_s_vlessvpns_eur;TGA_C_X_T09_S_VLESSVPNS_EUR;да;0;0;0;0;0;0;0;0;0;0;;;
tga_c_x_t09_s_vpnproxymast_eur;TGA_C_X_T09_S_VPNPROXYMAST_EUR;да;0;0;0;0;0;0;0;0;0;0;;;
tga_c_x_t10_s_amneziavpnne_eur;TGA_C_X_T10_S_AMNEZIAVPNNE_EUR;да;0;0;0;0;0;0;0;0;0;0;;;
tga_c_x_t10_s_aveselovru_eur;TGA_C_X_T10_S_AVESELOVRU_EUR;да;0;0;0;0;0;0;0;0;0;0;;;
tga_c_x_t10_s_barryvpn_eur;TGA_C_X_T10_S_BARRYVPN_EUR;да;0;0;0;0;0;0;0;0;0;0;;;
tga_c_x_t10_s_getoutlinevp_eur;TGA_C_X_T10_S_GETOUTLINEVP_EUR;да;0;0;0;0;0;0;0;0;0;0;;;
tga_c_x_t10_s_itopvpnru_eur;TGA_C_X_T10_S_ITOPVPNRU_EUR;да;0;0;0;0;0;0;0;0;0;0;;;
tga_c_x_t10_s_quattrovpnne_eur;TGA_C_X_T10_S_QUATTROVPNNE_EUR;да;0;0;0;0;0;0;0;0;0;0;;;
tga_c_x_t10_s_shukavpn_eur;TGA_C_X_T10_S_SHUKAVPN_EUR;да;0;0;0;0;0;0;0;0;0;0;;;
tga_c_x_t10_s_sotavpn_eur;TGA_C_X_T10_S_SOTAVPN_EUR;да;0;0;0;0;0;0;0;0;0;0;;;
tga_c_x_t10_s_vlessvpns_eur;TGA_C_X_T10_S_VLESSVPNS_EUR;да;0;0;0;0;0;0;0;0;0;0;;;
tga_c_x_t10_s_vpnproxymast_eur;TGA_C_X_T10_S_VPNPROXYMAST_EUR;да;0;0;0;0;0;0;0;0;0;0;;;
tga_c_x_t11_s_aveselovru_eur;TGA_C_X_T11_S_AVESELOVRU_EUR;да;0;0;0;0;0;0;0;0;0;0;;;
tga_c_x_t11_s_barryvpn_eur;TGA_C_X_T11_S_BARRYVPN_EUR;да;0;0;0;0;0;0;0;0;0;0;;;
tga_c_x_t11_s_getoutlinevp_eur;TGA_C_X_T11_S_GETOUTLINEVP_EUR;да;0;0;0;0;0;0;0;0;0;0;;;
tga_c_x_t11_s_itopvpnru_eur;TGA_C_X_T11_S_ITOPVPNRU_EUR;да;0;0;0;0;0;0;0;0;0;0;;;
tga_c_x_t11_s_nashvpnnews_eur;TGA_C_X_T11_S_NASHVPNNEWS_EUR;да;0;0;0;0;0;0;0;0;0;0;;;
tga_c_x_t11_s_quattrovpnne_eur;TGA_C_X_T11_S_QUATTROVPNNE_EUR;да;0;0;0;0;0;0;0;0;0;0;;;
tga_c_x_t11_s_shukavpn_eur;TGA_C_X_T11_S_SHUKAVPN_EUR;да;0;0;0;0;0;0;0;0;0;0;;;
tga_c_x_t11_s_sotavpn_eur;TGA_C_X_T11_S_SOTAVPN_EUR;да;0;0;0;0;0;0;0;0;0;0;;;
tga_c_x_t11_s_vlessvpns_eur;TGA_C_X_T11_S_VLESSVPNS_EUR;да;0;0;0;0;0;0;0;0;0;0;;;
tga_c_x_t11_s_vpnproxymast_eur;TGA_C_X_T11_S_VPNPROXYMAST_EUR;да;0;0;0;0;0;0;0;0;0;0;;;
tga_s_x_x_l_q01_eur;TGA_S_X_X_L_Q01_EUR;да;0;0;0;0;0;0;0;0;0;0;;;
tga_s_x_x_l_q02_eur;TGA_S_X_X_L_Q02_EUR;да;0;0;0;0;0;0;0;0;0;0;;;
